{"initial_reset_timestamp": 1743400847.8382728, "timestamps": [1743400848.2849145], "episode_lengths": [101], "episode_rewards": [101.0], "episode_types": ["t"]}